section,category,templates,routes,Home,Solutions overview,Solution detail: platform,Solution detail: short service page,Solution detail: service page with stats,Solution detail: long service page,Solution detail: direct-to-patient,Use case,Use case: OEMs,About,Integrations,Request a demo,Legal document,Blog index,Blog post,Info page (clone-only),404
shell.preloader,SHELL,17,30,x,x,x,x,x,x,x,x,x,x,x,x,x,x,x,x,x
shell.header,SHELL,17,30,x,x,x,x,x,x,x,x,x,x,x,x,x,x,x,x,x
shell.page-transition,SHELL,17,30,x,x,x,x,x,x,x,x,x,x,x,x,x,x,x,x,x
shell.footer,SHELL,17,30,x,x,x,x,x,x,x,x,x,x,x,x,x,x,x,x,x
hero.content,HERO,7,12,,,x,x,x,x,x,x,x,,,,,,,,
proof.hero-stats,PROOF,5,9,,,x,,x,,x,x,x,,,,,,,,
conversion.cta-row-dark,CONVERSION,3,7,,,x,,,,,x,x,,,,,,,,
content.capabilities-carousel-dark,CONTENT,2,6,,,,,,,,x,x,,,,,,,,
content.outcomes-light,CONTENT,2,6,,,,,,,,x,x,,,,,,,,
editorial.post-header,EDITORIAL,1,6,,,,,,,,,,,,,,,x,,
editorial.post-body,EDITORIAL,1,6,,,,,,,,,,,,,,,x,,
editorial.post-share,EDITORIAL,1,6,,,,,,,,,,,,,,,x,,
editorial.post-related,EDITORIAL,1,6,,,,,,,,,,,,,,,x,,
content.problem-solution-light,CONTENT,1,5,,,,,,,,x,,,,,,,,,
content.text-items-light,CONTENT,4,4,,,x,,x,x,x,,,,,,,,,,
content.icon-cards-light,CONTENT,3,4,,,,x,x,x,,,,,,,,,,,
content.text-items-dark,CONTENT,3,4,,,,x,x,x,,,,,,,,,,,
conversion.closing-cta-dark,CONVERSION,3,3,,,,,x,x,x,,,,,,,,,,
conversion.cta-band,CONVERSION,2,3,x,,,,,,,,,,,,,,,x,
content.legal-document,CONTENT,1,3,,,,,,,,,,,,,x,,,,
content.bordered-cards-light,CONTENT,2,2,,,x,,,,x,,,,,,,,,,
conversion.closing-cta-light,CONVERSION,1,2,,,,x,,,,,,,,,,,,,
hero.info,HERO,1,2,,,,,,,,,,,,,,,,x,
content.info-cards,CONTENT,1,2,,,,,,,,,,,,,,,,x,
hero.home,HERO,1,1,x,,,,,,,,,,,,,,,,
features.home-focus,FEATURES,1,1,x,,,,,,,,,,,,,,,,
features.home-how-it-works,FEATURES,1,1,x,,,,,,,,,,,,,,,,
proof.compliance-badges,PROOF,1,1,x,,,,,,,,,,,,,,,,
proof.partner-logos,PROOF,1,1,x,,,,,,,,,,,,,,,,
proof.article-carousel,PROOF,1,1,x,,,,,,,,,,,,,,,,
features.home-integrations,FEATURES,1,1,x,,,,,,,,,,,,,,,,
hero.solutions,HERO,1,1,,x,,,,,,,,,,,,,,,
features.solutions-explore,FEATURES,1,1,,x,,,,,,,,,,,,,,,
features.solutions-support,FEATURES,1,1,,x,,,,,,,,,,,,,,,
features.solutions-platform,FEATURES,1,1,,x,,,,,,,,,,,,,,,
features.solutions-api,FEATURES,1,1,,x,,,,,,,,,,,,,,,
content.bordered-cards-dark,CONTENT,1,1,,,,,,,x,,,,,,,,,,
content.two-column-dark,CONTENT,1,1,,,x,,,,,,,,,,,,,,
hero.about,HERO,1,1,,,,,,,,,,x,,,,,,,
content.about-founded,CONTENT,1,1,,,,,,,,,,x,,,,,,,
content.about-anywhere,CONTENT,1,1,,,,,,,,,,x,,,,,,,
proof.leadership,PROOF,1,1,,,,,,,,,,x,,,,,,,
conversion.about-careers,CONVERSION,1,1,,,,,,,,,,x,,,,,,,
hero.integrations,HERO,1,1,,,,,,,,,,,x,,,,,,
features.integrations-sdk,FEATURES,1,1,,,,,,,,,,,x,,,,,,
features.integrations-devices,FEATURES,1,1,,,,,,,,,,,x,,,,,,
conversion.demo-form,CONVERSION,1,1,,,,,,,,,,,,x,,,,,
editorial.blog-featured,EDITORIAL,1,1,,,,,,,,,,,,,,x,,,
editorial.blog-grid,EDITORIAL,1,1,,,,,,,,,,,,,,x,,,
editorial.blog-sidebar,EDITORIAL,1,1,,,,,,,,,,,,,,x,,,
content.not-found,CONTENT,1,1,,,,,,,,,,,,,,,,,x
ROUTE COUNT,,,30,1,1,1,2,1,1,1,5,1,1,1,1,3,1,6,2,1